"participant_id","consent_age","consent_read","consent_participation","used_outside_study","motivation_use_accounts","what_to_change_specific","how_confident_secure","elaborate_confident_secure","how_confident_remember","elaborate_confident_remember","what_to_change_general","email_accounts","bank_accounts","work_accounts","retail_website_accounts","social_media_accounts","platform_none_of_the_above","platform_other_value","store_write_down","physical_note","save_as_file","save_in_browser","third_party_manager","system_provide_manager","mem_act_none_of_the_above","mem_act_other_value"
"33","1","1","1","No",,"I would add numbers","Slightly confident","I feel like they can be secure especially when using words that don't make complete sense or relate to my life","Moderately confident","I don't usually use these types of passwords so I would have to get used to them","Only to add numbers","0","0","0","0","0","1",NULL,"0","1","0","0","0","0","0",NULL
"34","1","1","1","No","It seems like a pretty secure password given the length.","I wouldn't change anything about the password itself, but I would write it down this time. I forgot my password in between waves of this study.","Moderately confident","The length of the five-word password makes me more confident that it would keep an online account safe. However, the length or complexity is irrelevant in the case of a security breach or hack which is why I'm not super confident about any password.","Slightly confident","I'd have to write them down at first before I've really memorized them.","Would four-word passwords be just as effective?","1","1","1","1","1","0",NULL,"0","0","0","0","0","0","1",NULL
"38","1","1","1","No",,"something that is more memorable to me","Moderately confident","I'm not knowledgable on how passwords are hacked","Slightly confident","I'm the type of person to use the same password for everything","not make it 5 words","0","0","0","0","0","1",NULL,"0","0","0","0","0","0","1",NULL
"39","1","1","1","No",,"I would take out all the .'s","Confident","I believe that they are safe but everything can be cracked.","Not confident","I don't think I could do it for more than one, I would confuse them with each other.","I would change the periods in between each word.","0","0","0","0","0","1",NULL,"1","0","0","0","0","0","0",NULL
"40","1","1","1","No",,"There was nothing I wanted to change","Confident","I am confident most people couldnt aquire this password but it is no more secure than my current passwords.","Not confident","I was unable to remember this one password so I doubt I could remember multiple passowords","I dont want to change anything","0","0","0","0","0","1",NULL,"0","0","0","0","0","0","1",NULL
"41","1","1","1","No","It seems fairly secure.","I'm pretty happy with it.","Moderately confident","I'm never totally confident with security, but it seems pretty secure.","Slightly confident","I might be able to remember a few of them, but not too many.","I like the format, I might use it in the future.","1","0","0","0","1","0",NULL,"1","0","0","0","0","0","0",NULL
"42","1","1","1","No",,"make it easier for me to remember","Confident","I am confident because your could make the words very difficult for someone to possibly know and therefore, not be able to log into your account","Not confident","I am not confident to remember different five-word passwords because they can be difficult and my memory is not the greatest","if I did change them it would be to make it something more memorable for myself","0","0","0","0","0","1",NULL,"0","0","0","0","0","0","1",NULL
"43","1","1","1","No",,"make them only three words with Some CAPS letters.","Moderately confident","It is long enough to make it hard to guess.","Slightly confident","If I have to use it everyday I can easily remember it otherwise cant remember.","Put some CAPS.","0","0","0","0","0","1",NULL,"0","1","0","0","0","0","0",NULL
"55","1","1","1","No","cause it is really nice to assimilate","nothing really","Moderately confident","cause it can be easily gotten","Confident","cause i need easy memory remembrance","nothing","1","0","0","0","0","0",NULL,"0","1","0","0","0","0","0",NULL
"61","1","1","1","No","I feel like it is a pretty safe password, though I think that using a collection of random letters, numbers, and symbols would be more safe.","nothing","Slightly confident","I think that it could be easy for a hacker to guess the rest of the word once he uncoded the first few letters.","Not confident","If the words had some meaning to me, that would be easier to remember.","the words. Something that I recognize/means something to me","1","0","1","1","1","0",NULL,"1","0","0","0","0","0","0",NULL
"65","1","1","1","No",,"Nothing.","Moderately confident","I think it's okay but I prefer using a randomized password from my password manager that contains numbers and special characters.","Not confident","I don't memorize my passwords. I use a password manager.","Nothing.","0","0","0","0","0","1",NULL,"0","0","1","0","0","0","0",NULL
"71","1","1","1","No",,"numbers/symbols/case","Moderately confident","Seems like its random enough but no numbers or symbols and case variation","Slightly confident","I can probably remember some if the words make sense in order","case/symbols /numbers","0","0","0","0","0","1",NULL,"1","0","0","0","0","0","0",NULL
"75","1","1","1","No","I think it would be a good way to keep those accounts secure.","I wouldn't change anything.","Confident","I think its unique enough it could keep online accounts safe.","Moderately confident","If used regularly it wouldn't be that hard if you treat it like a phrase. I could see some difficultly remembering multiple sets of five words.","I wouldn't change anything.","0","0","0","1","1","0",NULL,"0","0","0","1","0","0","0",NULL
"76","1","1","1","No",,"nothing","Slightly confident","words are usually derived from things familiar to an individual.  As such they are subject to guessing.","Not confident","one can be done. More than one becomes confusing.  These passwords, in order to be remembered, will almost always reference the item they are protecting.","omit them all together.  ","0","0","0","0","0","1",NULL,"0","0","1","0","0","0","0",NULL
"77","1","1","1","No",,"i don't want to change","Confident"," that five-word passwords are capable of keeping my online accounts safe and i am so confident because my password is so strong.","Not confident","i don't want to keep this type of password in several platform because i may forget.","i don't want to change","0","0","0","0","0","1",NULL,"1","0","0","0","0","0","0",NULL
"80","1","1","1","No","it's nothing too complicated, and it's easy to replace","i'd make up a better, more-easily-remembered 5 word phrase","Moderately confident","I think made-up words and other special characters/changes of case would be more secure","Not confident","that's just not how i've ever formatted passwords","more special characters","0","0","0","1","1","0",NULL,"0","0","0","0","0","0","1",NULL
"83","1","1","1","No","It seems like a strong, secure password","Add more capital letters and numbers","Confident","I'm confident because it is uncommon","Not confident","Memory issues","Make it slightly easier to remember if I was using multiple ones","1","0","0","0","1","0",NULL,"0","1","0","0","0","0","0",NULL
"92","1","1","1","No","I feel like these have important information, so a good password would be needed for these types of sites.","nothing","Confident","I think random words are not easily available to hack or guess. ","Slightly confident","Cant really remember multiple different passwords, I would have to write it down. ","nothing","1","1","1","1","0","0",NULL,"0","0","1","0","0","0","0",NULL
"93","1","1","1","No","secure","words that belong in the same category","Confident","five words is a lot for someone to hack","Not confident","too hard to memorize several","nothing","1","0","0","1","0","0",NULL,"1","0","0","0","0","0","0",NULL
"94","1","1","1","No",,"I want to change the length and strength of the five-word password.","Not confident","I am not confident about five-word passwords because they are generally shorter and more easy to crack compared to the passwords I use.","Slightly confident","I use a password manager, so I generally do not memorize passwords unless I have to.","I would like to change the length and strength of them.","0","0","0","0","0","1",NULL,"0","0","0","0","1","0","0",NULL
"95","1","1","1","No","it seems like the type of password to have with those accounts.","I would like to maybe shorten the length of the passwords or maybe change it into something else.","Moderately confident","I feel that the five-word passwords have an overall good protection but not good enough for total safety.","Not confident","I do not feel confident in remembering several different five-word passwords. it would be too much for me to remember personally.","I would like to change the symbols ands words if able.","0","0","1","1","0","0",NULL,"0","0","1","0","0","0","0",NULL
"96","1","1","1","No",,"I wish that I could add some numbers and/or symbols to it. Words seem very insecure. But if it has to stay as words, I would change may and wash to B words to make it easily to remember. ","Not confident","I think the five word password is really insecure because I'm sure there's a program or something out there that exists or can be made to generate five word passwords (looking at this survey...) whereas a string of letters, numbers, and symbols has a lot more possibilities. ","Not confident","I would not feel confident remembering a different set of words for each account because they have no association or rhythm and I'd probably get them mixed up.  ","Add a number on the end of each word and replace the . with a random symbol or number.","0","0","0","0","0","1",NULL,"1","0","0","0","0","0","0",NULL
"97","1","1","1","No","I think it would protect me and be secure enough for a social media account, but I believe that it might be too risky to use for more sensitive accounts such as bank or work emails. I feel the password is not as secure as I could potentially make it.","I would want it to have special characters, and upper and lower case letters.","Confident","I think it is secure, given that it has multiple letters and the addition of special characters in the form of several periods. I think it could potentially be more secure, such as if I increase the number of words in the password.","Moderately confident","I believe I could remember some five-word passwords, however, I do believe that over time I would forget them and would have to refresh my memory by checking any notes or digital records for the password.","Make it that I can have both upper and lower case letters, so essentially it can be more secure without making the password much more complex.","0","0","0","0","1","0",NULL,"1","0","0","0","0","0","0",NULL
"98","1","1","1","No","It does not seem like a strong password so I would be weary of using it with websites that have a lot of private information.","I would add numbers and change case and add some punctuation","Slightly confident","I think this password is easy to guess.","Not confident","I can't usually remember passwords that well.","They should be longer","0","0","0","1","0","0",NULL,"1","0","0","0","0","0","0",NULL
"99","1","1","1","Yes","It is easy to remember","nothing","Very confident","I believe it will be very hard to crack","Very confident","I am very sure i can remember","nothing","1","0","0","0","0","0",NULL,"1","0","0","0","0","0","0",NULL
"100","1","1","1","No","It would be kind of hard to guess, but it is common words so I would not want to use it for other major accounts with credit card information.","I would not want to change anything.","Not confident","I am not confident of them because they are easily guessed","Moderately confident","I would only really remember them if they had a theme","I would probably make it more secure by adding special characters or capitalizing random letters","0","0","0","1","1","0",NULL,"0","0","0","0","0","0","1",NULL
"101","1","1","1","No","It feels easy to remember if regularly used","I would add at least one number and additional symbol","Moderately confident","They have some complexity but could be made more complex","Moderately confident","I think I could do that if I practiced them enough","Add a number or another symbol or both","1","0","0","1","1","0",NULL,"1","0","0","0","0","0","0",NULL
"102","1","1","1","No",,"I don't think I would change anything if I were to actively use it enough times to remember it, or have it noted down somewhere.","Confident","Any password could be cracked at the end of the day, but the longer and more complicated they are, the better are be in terms of taking longer to figure out.","Not confident","Unless I used them constantly, or had very memorable phrases with them, I would likely not remember them naturally.","I don't think I would change anything.","0","0","0","0","0","1",NULL,"0","0","0","0","0","0","1",NULL
"103","1","1","1","No",,"no periods","Moderately confident","just words probably isn't very safe","Not confident","I don't remember them at all","not 5 words","0","0","0","0","0","1",NULL,"0","0","0","0","0","0","1",NULL
"104","1","1","1","No","I would feel comfortable using it on email, social media, and retail which I see as relatively lower importance if my password were to be breached. It's easy to remember too. I'm not comfortable using it for my bank account or work which I would want to use a higher security password with.","Nothing","Confident","using real words over random symbols and letters isn't as effective, but it's enough security for most uses.","Slightly confident","I have a lot of online accounts. It would be a lot to remember if they were all different.","Nothing.","1","0","0","1","1","0",NULL,"1","0","0","0","0","0","0",NULL
"105","1","1","1","No","That is is more secure.","I might change the odd word.","Confident","I think they would be harder to break or guess making them more secure.","Not confident","I think I would get them all jumbled unless they were each phrases that made sense and I could remember.","Just make them short phrases.","1","1","0","0","0","0",NULL,"1","0","0","0","0","0","0",NULL
"106","1","1","1","No","it was alliterative, and contained the word poetry","change first word to something simpler","Moderately confident","The likelihood of someone guessing five random words is low","Slightly confident","the more to memorize, the less confident I am","change to all monosyllables","1","0","0","0","1","0",NULL,"0","0","0","0","0","0","1",NULL
"107","1","1","1","No","I would only use the password on these websites as they are less important than things like bank accounts, email accounts, and work-related accounts.","I don't really have anything specific I want to change about it, as I don't intend on using it. I think that passwords comprised only of words are insufficient. A mixture of words plus random characters is better, in my experience.","Moderately confident","I don't believe that five-word passwords are the best way to keep an account safe, but I think they are much better than traditional styles of passwords such as a word plus several letters, or some that are just a user's birthday or an important date to them.","Slightly confident","I don't think I'd be able to remember unless I kept records of it somewhere.","I would include numbers and special characters between the words.","0","0","0","1","1","0",NULL,"0","0","0","0","0","0","1",NULL
"108","1","1","1","No",,"I would capitalize random letters, add a random character and two different numbers.","Confident","I think that as long as the words are random and unrelated to me or each other they would be a strong password.","Slightly confident","On accounts that I would have to log into daily I am very confident I would remember them. But on accounts that I log into once a week or fewer, I would have trouble remembering without writing them down or digitally storing them.","I would add capital letters and numbers.","0","0","0","0","0","1",NULL,"0","0","1","0","0","0","0","I took a screenshot of it"
"109","1","1","1","No","the ease of remembering","I wouldn't really change anything","Moderately confident","I think it is not entirely safe, but hackers would take a long time to decipher it","Moderately confident","in this case I prefer to write them down","Not really","1","0","0","0","0","0",NULL,"1","0","0","0","0","0","0",NULL
"111","1","1","1","No","it is harder to guess this password and bank information is something I want to keep even safer than other accounts","I would make it more rememberable ","Very confident","it is so hard to guess a password and even harder if it is more cryptic like a five word password so it would be very safe","Moderately confident","I would not be able to remember multiple but if I would write it down in my notes as well as save it on a program I would be good ","nothing","0","1","0","0","0","0",NULL,"1","0","0","0","0","0","0",NULL
"112","1","1","1","No",,"I'd probably remove the periods.","Moderately confident","There's an infinite amount of 5 word combinations.","Not confident","I have horrible memory.","I'd write them down on a physical piece of paper.","0","0","0","0","0","1",NULL,"0","0","0","0","0","0","1",NULL
"113","1","1","1","No",,"the words, to dance.girl.bar.thrown.out","Not confident","I think they're vulnerable to bots that try multiple words/combinations","Not confident","I didn't remember this one fully so doubt I would remember others","Nothing as I wouldn't use them","0","0","0","0","0","1",NULL,"1","0","0","0","0","0","0","I tried to remember it without writing down or storing digitally (by telling myself a story incorporating the words when committing to memory) but I only remembered part 3 words of it when asked"
"114","1","1","1","No","Because it is more secure","don't like the word review","Confident","They seem secure because they are long and hard to guess","Not confident","I'm not great at remembering things","flow more naturally like a sentence. ","0","1","0","0","0","0",NULL,"0","1","1","0","0","0","0",NULL
"115","1","1","1","No","I would use this five-word password for retail website accounts because it's easy to remember, and even though it's a pretty common phrase, I'm not worried about my retail accounts being hacked.","The only thing I would change is maybe add some special characters.","Moderately confident","Depending on the words that are used, it could be safe.","Moderately confident","I'm moderately confident in remembering five-word passwords because it seems easy to remember small phrases.","I would maybe add some special characters.","0","0","0","1","0","0",NULL,"1","0","0","0","0","0","0",NULL
"116","1","1","1","No",,"nothing","Confident","because they will be hard to hack or hard to guess","Very confident","because i would have my computer to remember my password for me ","nothing","0","0","0","0","0","1",NULL,"0","0","0","1","0","0","0",NULL
"117","1","1","1","No",,"This password needs numbers, capital letters and at least one symbol.","Moderately confident","Any database can be hacked and information stolen. The complexity or your password really doesn't mean anything. ","Moderately confident","Most of my passwords consist of one word and some numbers and symbols.","Many online websites wont let you just enter words. You have to enter numbers or symbols. ","0","0","0","0","0","1",NULL,"0","0","0","0","0","0","1",NULL
"118","1","1","1","No","It isn't something that can be easily cracked, considering it holds no personal bearing to me. ","I don't intend on changing anything.","Very confident","The five-word passwords are capable of keeping online accounts safe because most hackers tend to focus on the personal affairs of their victims when phishing.","Confident","I feel really confident remembering the five-word passwords.","I don't want to change anything.","1","1","0","0","0","0",NULL,"0","1","0","0","0","0","0",NULL
"119","1","1","1","No","The length and randomness of the password is very secure.","I would capitalize random letters and add random numbers or symbols.","Moderately confident","They are more secure than regular passwords, but less secure since they don't have any random symbols or letters thrown in.","Slightly confident","It would need to be five words that relate to my life in some shape or form.","I would add random symbols or numbers.","1","1","0","0","1","0",NULL,"0","0","0","0","0","0","1",NULL
"120","1","1","1","No","Hard to guess","nothing","Not confident","words might be easy to guess","Not confident","I have a bad memory.","nothing","0","0","0","0","1","0",NULL,"0","1","0","0","0","0","0",NULL
"121","1","1","1","No",,"My current five-word password is actually okay and easy for me to remember for now because it flows well and I can pronounce it easily. ","Confident","I would think that these passwords can keep online accounts safe because they have several periods between words. ","Not confident","Five-word passwords are quite long and I would have to get in the habit of using it to feel confident. ","My passwords for my personal accounts typically aren't this long. ","0","0","0","0","0","1",NULL,"1","0","0","0","0","0","0",NULL
"123","1","1","1","No","I am not worried about these sites as much, and are usually already logged in so I don't have to type that long password. ","Nothing.","Moderately confident","If someone knew may they may be able to guess, however you can also use random words with no aparent order. ","Slightly confident","I am only good at remembering if I use it a lot. ","Maybe make it more applicable to me. ","1","0","0","1","1","0",NULL,"1","0","0","0","0","0","0",NULL
"124","1","1","1","No",,"Nothing!","Not confident","It doesn't seem the most secure","Not confident","too long to remember all different ones","length","0","0","0","0","0","1",NULL,"0","0","0","0","0","0","1",NULL
"125","1","1","1","No",,"nothing. I can remember it easily and I don't think anyone else would be able to guess it. ","Confident","It's a weird song lyric that I don't think anyone would guess","Very confident","I remembered it with very little trouble and without writing it down ","no changes","0","0","0","0","0","1",NULL,"1","0","0","0","0","0","0",NULL
"126","1","1","1","No","it would be difficult to guess but is simple to remember ","nothing ","Very confident","I don't think my password is common ","Confident","I was able to remember it the first time so I think I could do it again ","nothing ","1","0","0","0","0","0",NULL,"1","0","0","0","0","0","0",NULL
"129","1","1","1","No",,"nothing ","Confident","five word password is somehow confident and strong but easy to forget.","Confident","confident and 100% sure of it","nothing ","0","0","0","0","0","1",NULL,"1","0","0","0","0","0","0",NULL
"130","1","1","1","No","I think it is unique enough and i remembered it after the time. ","nothing offhand ","Very confident","It is unique and makes sense only to me ","Moderately confident","Unsure how many I could remember ","Maybe a 4 word password for multiple accounts?","1","1","1","1","1","0",NULL,"1","0","0","0","0","0","0",NULL
"132","1","1","1","No","I don't store or share important information on these apps.","The fact that it was shared with you I would never use it. So I would change it totally and never share it in a study like this.","Moderately confident","Due to software breaches, I don't think any password is safe.","Slightly confident","That's a lot of information to retain that's why I generally use a few standard ones.","I think in this example the (.)","0","0","0","0","1","0",NULL,"0","0","0","0","0","0","0","I forgot it and had to use forgot my password."
"133","1","1","1","No","It was easy to memorize.","Add some special characters #$%123 to maybe make it more secure.","Slightly confident","It's a bit out there but not too secure because it doesn't contain random strings of special characters as well.","Confident","If I want to remember a password I tend to put it somewhere in memory if it was important. ","add more special characters and numbers.","1","0","0","0","0","0",NULL,"1","0","0","0","0","0","0",NULL
"136","1","1","1","No","i would use this password for accounts that I would like to keep secure but do not hold sensitive identifying information like a bank account.","I would add a number, capital or symbol","Confident","i believe that five words are more difficult to guess and hack into but i would feel more confident if there were more layers to the complexity of the password, such as numbers and capitalizations","Moderately confident","i would have to come up with a way to remember them which may be challenging","add numbers or capitalizations","1","0","0","1","1","0",NULL,"1","0","0","0","0","0","0",NULL
"137","1","1","1","No",,"I don't think I would change anything.","Slightly confident","I think longer passwords are probably safer, but that's just anecdotal. I'm not sure. It would probably be way safer if those words were gibberish.","Slightly confident","I'm OK with remembering passwords, but if they were all five words I may have some difficulty.","Not sure I would change anything.","0","0","0","0","0","1",NULL,"0","0","0","0","0","0","1",NULL
"138","1","1","1","No","I think this is a pretty secure password since it's so random, but still not secure enough that I would use it for more important accounts like my bank or work. ","I would shorten it, capitalize a few letters, and add numbers to make it more secure. ","Confident","Without symbols or numbers I don't think five-word passwords are the most secure, but if they are random enough then I am confident that this type of password would protect my accounts. ","Slightly confident","If I had to remember several five-word passwords that all had different words, no similar words across any of the passwords, I think it would be a little difficult. Especially if they are as random as the ones that were generated for this study. ","Shorten them or make a comprehensible phrase, add numbers of symbols. ","1","0","0","1","0","0",NULL,"1","1","0","0","0","0","0",NULL
"141","1","1","1","No","Seems like a good method to create a long and complex password. ","I can not think of anything at the moment. ","Very confident","After a certain amount of characters, it becomes almost impossible to crack. ","Moderately confident","I have bad short term so I rely on password managers. If I had to remember it, I probably would not do so well. ","Nothing","1","1","1","1","1","0",NULL,"0","0","1","0","0","0","0",NULL
"142","1","1","1","No",,"I don't wont to change anything here.","Very confident","So that no body can get access to the account ","Very confident","I can remember the password without writing it down as it was created by myself","Nothing","0","0","0","0","0","1",NULL,"1","0","0","0","0","0","0",NULL
"143","1","1","1","No","I think more high stakes passwords (like for the bank) need to be a little more complicated (like no words in English), so using a password like this that is easy to remember, is in English, and relatively less complicated would be better for low stakes websites.","I would like to change a few of the words because for some reason it was saying coding is not a word in English. Also, I would want to add numbers and not separate the words by periods.","Moderately confident","I think they are moderately okay because they are long, but at the same time I was told that you do not want to use an English word in a password because it easier to guess or hack.","Slightly confident","I don't think I would be able to remember them without writing them down.","I would like to take out some of the periods so that two words could be joined together thus creating (hopefully) a non-English word, and I would like to add numbers. Also, I would maybe like to change some of the periods to ! or ?.","1","0","0","1","1","0",NULL,"0","1","0","0","0","0","0",NULL
"144","1","1","1","No",,"I would change it to a normal password. I don't like this style.","Moderately confident","No one guesses five-word passwords. I figure it would be safe.","Not confident","I will not use a five-word password.","Nothing. I will not use this type of password.","0","0","0","0","0","1",NULL,"0","0","0","0","0","0","1",NULL
"145","1","1","1","No",,"I would make it closer to a sentence so that it would be easier to remember.","Moderately confident","I think five-word passwords could do an adequate job of protecting my accounts, but I don’t think they’re as strong as passwords that involve a mix of letters and numbers.","Slightly confident","I would have to start off with just one five-word password and memorize that first, because starting off with several five-word passwords would personally be very confusing.","I would add numbers.","0","0","0","0","0","1",NULL,"1","0","0","0","0","0","0",NULL
"148","1","1","1","No",,"I don't know. I don't think that I made a good password.","Moderately confident","To be honest, the password would be safe because there are many people who would not remember the password and would have to reset it every time they log in to their account.","Not confident","I did not pick a good password to remember.","I would choose a whole new password.","0","0","0","0","0","1",NULL,"0","0","0","0","0","0","1",NULL
"149","1","1","1","No",,"I would not want to change anything except for the method I use to memorize it.","Confident","I am confident about five-word passwords because five words if random, are difficult to guess.","Confident","I am confident because I only use about 3-5 passwords.","I would make sure that these passwords do not contain personal information so that others could not easily guess them.","0","0","0","0","0","1",NULL,"0","0","0","0","0","0","1",NULL
"150","1","1","1","No","These accounts involve my money so I would wan them to be more secure.","Nothing! I like the random generated words because it makes the password hard to guess.","Confident","I'm confident because they are just random words that have a symbol in between so they are difficult to guess or even memorize. I think they are very secure for that but there is always hackers who can find passwords no matter what they are.","Slightly confident","The passwords are long and random so they are hard to just remember without writing down.","I wouldn't change anything! I would just make sure I keep my password written somewhere safe.","0","1","0","1","0","0",NULL,"0","0","1","0","0","0","0",NULL
"151","1","1","1","No",,"I would probably remember it better if I used it more often. So no changes","Slightly confident","there's nothing altered about the words. So someone could make an algorithm to pair up five words until they get the correct combination. It's take a while but it could be done. ","Slightly confident","It's easy to mix up the word order, especially if it's not used often.","Maybe include a small number in the combination","0","0","0","0","0","1",NULL,"1","0","0","0","0","0","0",NULL
"153","1","1","1","Yes","It is easy to remember and also difficult for someone else to hack","Nothing at all","Very confident","It makes it hard for someone to guess and also difficult to be hack ","Moderately confident","not too confident as there might be a mix up ","No i don't want to change it for no reasons ","0","0","0","0","1","0",NULL,"1","0","0","0","0","0","0",NULL
"154","1","1","1","No","It's a little difficult to memorize it so it'll be more secure and offer better state of mind","I'd probably want some capital letters and a an exclamation mark at the end","Moderately confident","It's 5 words so it's more difficult and offers better secuirty but it's only words and I'd like to incoporate numbers and vary the punctuation marks","Slightly confident","I could probably remember one or two on my own but any more and I'd have to write them down somewhere since I'd forget and get locked out ","Just adding some different puntuation marks and involvoing numbers as well ","1","1","1","0","0","0",NULL,"0","1","1","0","0","0","0",NULL
"155","1","1","1","No","It looks more secure than the password I have currently.","Nothing. It's great.
","Very confident","Im very confident. It's more secure compared to passwords that use patterns like your name and date of birth.","Slightly confident","Remembering several different five-word passwords would be actually difficult but that just shows how secure it is.","Nothing, It's great.","1","0","0","0","1","0",NULL,"0","0","0","0","0","0","1",NULL
"156","1","1","1","No",,"The password is unique and secure enough.","Moderately confident","The connecting dots are more of chain that gives the five words more security.","Confident","I do remember my passwords no matter how many they might be. This is one thing I know for sure helps in securing my accounts as well.","Nothing specific to change, the connecting dots makes it even more secure.","0","0","0","0","0","1",NULL,"1","0","0","0","0","0","0",NULL
"161","1","1","1","No","security","nothing","Very confident","harder to guess as it's not words or dates relevant in your life such as pet names or birthdays","Confident","i think i could remember it but i might get words mixed up with other words in passwords","nothing","1","1","1","0","0","0",NULL,"0","1","0","0","0","0","0",NULL
"162","1","1","1","No","It seems safer","I forgot about the dots when I was re-entering it. I wrote the words; neglected the punctuation. Going forward I would not use dots.","Moderately confident","They seem safer, but I suppose choosing 'real words' means it could be more hackable.","Moderately confident","I write down most passwords.","Nothing","0","1","1","1","1","0",NULL,"0","1","0","0","0","0","0",NULL
"163","1","1","1","No",,"I would choose different words for the last two as they are not related to the others.","Slightly confident","I am somewhat confident because it would be hard to decipher the password containing five words unique words. If it were random letters and numbers that would feel much more secure than five words separated by periods.","Not confident","I wouldn't remember due to the way I store information. I would mix up the words contained within each password.","Nothing","0","0","0","0","0","1",NULL,"1","0","0","0","0","0","0",NULL
"166","1","1","1","No","It's a unique combination of words that would not be easy to guess.","I would capitalize letters and add symbols","Confident","I'm confident that if a five-word password is a niche, hard-to-guess phrase, it would be a safe password","Moderately confident","Passwords that use word combinations or phrases are more likely to stick in my head","I wouldn't change anything","1","0","1","1","1","0",NULL,"1","0","0","0","0","0","0",NULL
"167","1","1","1","No","The word is very long and hard to hack","I believe the word is too long and abstract.","Confident","Although they seem very strong, its really hard to remember if its abstract in its context.","Not confident","They are very abstract. I don't like these kinds of passwords","I would reduce its length.","0","0","0","0","1","0",NULL,"0","0","0","0","0","0","1",NULL
"169","1","1","1","No","It's a funny password to remember for my social media accounts.","I would probably add a favorite movie character to help me remember better.","Confident","They could be the most randomest words that only make sense for the user.","Slightly confident","I struggle with remembering long phrases.","Not really.","0","0","0","0","1","0",NULL,"1","0","0","0","0","0","0",NULL
"171","1","1","1","No","Easy and secure. It will be long and secure password.","None the password seems perfect to me.","Very confident","It's easy to remember and it impossible to guess or hack.","Very confident","It easy to remember for me.","i don't want to change anything.","1","1","0","0","1","0",NULL,"1","0","0","0","0","0","0",NULL
"172","1","1","1","No","It seems like a fairly secure password due to the length and the fact that this password doesn't have anything to do with me personally or personal characteristics that someone could look up or find out ","I don't find this password easy to remember because it doesn't have meaning for me ","Moderately confident","I think it is pretty safe but it depends on the words chosen ","Slightly confident","I'm not sure if I would remember them unless they had some personal meaning to me. ","I would want to use something more meaningful so I could remember it or I would store the passwords somewhere to reference ","1","0","1","1","1","0",NULL,"1","0","0","0","0","0","0",NULL
"173","1","1","1","No",,"I would probably change it to something that I could easily remember. Some that pertains personally to me.","Moderately confident","They are randomized. Not easy to think of on the bat. It could be hard for someone to get in your account because the words are so randomized","Not confident","Remembering several different five word passwords will be difficult because I'll probably forget which words go to which accounts","Make sure its something easy to remember","0","0","0","0","0","1",NULL,"0","1","0","0","0","0","0",NULL
"174","1","1","1","No","it is one of my favorite sayings kind of. Love is patient and kind but your system wouldn't let me do that","It would say love is patient and kind","Very confident","I think people usually make up passwords that don't have the periods or with five words. Hackers would have a harder time coming up with your password.","Not confident","I wouldn't be able to remember them as easily. I would write them down in a notebook","It always you to put any words. When I originally did this it would only let me put a 3 letter word in the middle wouldn't take as many characters as the word patient was","0","0","0","1","1","0",NULL,"0","1","0","0","0","0","0",NULL
"176","1","1","1","No",,"Change it to completely random characters and symbols.","Not confident","Brute force crackers can easily find these.","Not confident","I got LastPass so I don't have to remember.","Random characters.","0","0","0","0","0","1",NULL,"0","0","1","0","0","0","0",NULL
"177","1","1","1","No","stronger password","i would leave it the same","Moderately confident","because the longer and stronger the password the harder it is for someone to figure it out","Not confident","i am not too confient i would have to use it many times to remember","nothing","1","0","0","0","1","0",NULL,"0","0","0","0","0","0","0","picture"
"179","1","1","1","No","I think this password is more secure . Also I can remember this password easily.","Nothing needed to change.","Very confident","I am very confident about this because this was very unique and different. It will be very secure .","Confident","It is easiest way to remember this password and it is very unique and different. It also relatable.","Nothing ","1","1","1","1","0","0",NULL,"0","0","0","1","0","0","0",NULL
"181","1","1","1","No","With how long it is and complex it seems to be really hard to be able to crack.","I would probably add numbers or special characters. I feel that would add to the complexity and make it more secure.","Confident","The reason I'm confident is because of the length of the password. The amount of words and the periods add a decent amount of complexity.","Slightly confident","I feel it would be pretty difficult to remember multiple different 5 word passwords unless you make them easy to remember which can make them less secure","Nothing different comes to mind about what I would change to the 5 word passwords. Like I stated before adding numbers could make a more secure.","1","1","1","1","1","0",NULL,"1","0","0","0","0","0","0",NULL
"184","1","1","1","No","it would be difficult to hackit would be difficult to hack","nothing","Very confident","my password is safe and difficult to hack","Very confident","i have written down the password, i just have to use it more to memorize it","nothing","1","0","0","0","0","0",NULL,"0","1","0","0","0","0","0",NULL
"188","1","1","1","No","No one would EVER guess that.","I think it's pretty inconspicuous to use to prevent someone logging into your accounts. I would say no.","Very confident","There is no way someone could ever guess five random words spaced like that. It would be impossible.","Slightly confident","I would definitely have to store it somewhere to remember something like that.","Nothing, make them hard for people to guess!","1","1","1","1","1","0",NULL,"0","0","0","0","0","0","0","repeating it over and over in my head"
"189","1","1","1","No",,"nothing, seems ok to me","Moderately confident","it would work alright i guess","Moderately confident","seems to be ok","maybe some more complex words","0","0","0","0","0","1",NULL,"1","0","0","0","0","0","0",NULL
"190","1","1","1","No",,"nothing","Moderately confident","I think it is relatively strong, but more randomized characters are harder to guess.","Not confident","It's a lot to remember. If I made it a regular process I would probably be more confident.","nothing.","0","0","0","0","0","1",NULL,"0","1","0","0","0","0","0",NULL
"192","1","1","1","No","This password would be more difficult for a hacker to unlock or decipher.","I would want the five words to have a stronger relation to one another so that it would be easier to remember.","Confident","I am quite confident but not 100%. I am not familiar with the strategies and systems used by hackers, but these five words seem so random that it is likely to keep my online accounts safe.","Slightly confident","I would only remember this password if I wrote it down somewhere. When taking this second round survey, I tried to rely on my memory and failed miserably.","The words should be related or should convey a complete sentence.","1","0","0","0","0","0",NULL,"1","0","0","0","0","0","0",NULL
"194","1","1","1","No","I feel like I could have a 5-word password that is specific to each retail site","I would have each password be custom for the site, to keep it secure.","Very confident","Computers are good at cracking passwords that are hard to remember because they are short.  5 word passwords would have so many characters it would be more difficult to crack with brute force.","Moderately confident","I'd need to write it down to be sure, but after enough uses, I'm sure I'd remember it","I wouldn't change anything about the 5-word password concept, maybe just that they'd be accepted as secure instead of forcing numbers and special characters","0","0","0","1","0","0",NULL,"0","0","1","0","0","0","0",NULL
"195","1","1","1","No","I think it is secure","nothing","Confident","I believe that they are long enough and use special characters which make the password secure.","Slightly confident","I would need to use a system to remember different 5 word passwords","Nothing","0","0","0","0","1","0",NULL,"1","0","0","0","0","0","0",NULL
"196","1","1","1","No",,"Nothing","Moderately confident","They would be hard to guess, but I don't think theyre inpenetrable.","Moderately confident","It would be easier to remember than random letters and numbers","nothing","0","0","0","0","0","1",NULL,"0","0","0","0","0","0","1",NULL
"197","1","1","1","No","To make my accounts more secured.","Nothing.","Slightly confident","I'm not sure how secure they are.  They are better then what I use now.","Not confident","My memory isn't the best.","Nothing.","1","1","1","1","1","0",NULL,"0","0","0","0","0","0","1",NULL
"198","1","1","1","No","I think a five word password like this would be impossible to guess so I think it would be a good password.","more and more places make you use uppercase and lowercase letters and a number or symbol, so a password like Summer.rush.react.play.shout1 may be a better combo for those trickier password requirements. ","Confident","I feel pretty confident about five-word passwords because they seem like they would be secure and very hard to guess.","Slightly confident","I think it would be easier for me to remember something like i.love.my.partner or i.love.my.dog.hudson. Or something like my.child.was.born.in.2009! Like a sentence would be easier but I guess it wouldn't be as secure. ","Other than what I've already said, I can't think of anything. ","1","0","0","0","0","0",NULL,"0","0","0","0","0","0","1",NULL
"199","1","1","1","No","It is complicated enough to not be guessed.","I would add some numbers or other special symbols.","Confident","I think five word passwords are very safe in general. They are extremely very hard to guess.","Slightly confident","I do not think I would be able to remember several five word passwords.","Don't know.","1","0","1","1","1","0",NULL,"1","0","0","0","0","0","0",NULL
"201","1","1","1","No",,"nothing","Confident","the string is long enough to have sufficient complexity.","Not confident","it seems difficult, but I have not tried it so....","nothing","0","0","0","0","0","1",NULL,"0","1","0","0","0","0","0",NULL
"202","1","1","1","No","The risk for personal loss or hacking is much lower in the work environment.","I would use more memorable words, or perhaps a phrase I could easily recall.","Confident","It would be very difficult to capture or hack a phrase that only I am familiar with, and it is long enough to be very challenging.","Moderately confident","The greater the number of passwords, especially five words at a time, the more challenging it will be to keep track of which phrase goes with which site.","Perhaps an acronym where you remember five letters for each word, and then tweak it over time.","0","0","1","0","0","0",NULL,"0","1","0","0","0","0","0",NULL
"203","1","1","1","No","they are a bit tough but also very easy to remember to some degree if used often.","I want to be able to have more word choices in the future.","Slightly confident","I think if many people used this, than it's possible it could be cracked easier but not really sure. I honestly prefer to use special character as well as numbers and capital as well a lowercase letters.","Not confident","Unless I can choose the words that I truly like, I would forget.","Have a larger word bank to work with.","0","0","1","1","0","0",NULL,"0","0","0","0","0","0","0","I had to click that I forgot my password."
"204","1","1","1","No",,"None, I would never use a password like this","Not confident","password like this without special characters nor numbers is very easy to break with brutal force","Moderately confident","those are easier to remember than random strings, but still easy to mix up among accounts","add numbers and special characters in between","0","0","0","0","0","1",NULL,"0","0","0","0","0","0","0","i forgot..."
"205","1","1","1","No","to have a secure password set up","the words used would change if I set up a 5 word password","Confident","It is better than a random thought up password, I feel like it would be too hard to guess a 5 word password","Slightly confident","I think I can remember a couple but it would get confusing after enough accounts had this type password","nothing","1","0","0","0","1","0",NULL,"1","0","0","0","0","0","0",NULL
"206","1","1","1","No",," have symbles","Not confident","to point yes but to a point no","Slightly confident","if i have software like bitwarden yes","numbers and symbals","0","0","0","0","0","1",NULL,"0","0","1","0","0","0","0",NULL
"208","1","1","1","No",,"Include uppercase letters, numbers, and possibly symbols.","Slightly confident","Not complex enough. A dictionary attack could hit it eventually. ","Not confident","Zero confidence.","Again, make them more complex. I would use a password manager instead.","0","0","0","0","0","1",NULL,"0","0","0","0","0","0","1",NULL
"209","1","1","1","No",,"There is nothing that I would change.","Confident","I feel that it would be confident for the five word password to be capable of keeping my online accounts safe.","Confident","I would be confident of using the five word password.","There is nothing.","0","0","0","0","0","1",NULL,"0","1","0","0","0","0","0",NULL
"210","1","1","1","No","I believe it's so random, that it's a safe password.","I would like to remove all periods except for the very last one.","Slightly confident","They seem to be pretty random and I think it would be hard for someone to guess them. I wish they had more special characters though.","Not confident","My memory is not that good.","Take out some of the periods and add in a capital letter and special characters.","0","0","0","1","0","0",NULL,"1","0","0","0","0","0","0",NULL
"211","1","1","1","No",,"Probably the length. It is too long to have to enter every time.","Confident","I imagine, given its length, it could be difficult to guess all the characters.","Not confident","It just seems like a lot to have to recall, especially if I use different passwords.","Probably the length, honestly.","0","0","0","0","0","1",NULL,"0","0","0","0","0","0","1",NULL
"212","1","1","1","No","I usually forget about my social media account passwords because I rarely access all of them. I need something like five-word passwords so that I can memorize it easily and never forget about them. Same reason applies to retail websites because I rarely access all of them or passwords are most of the time saved therefore I need five-word passwords.","There is nothing I want to change about password.","Moderately confident","It is very hard to copy, replicate, or guess the five word password for someone who is trying to get access to my account.","Moderately confident","It wont be difficult to remember all the five words passwords for many different account if I get to choose them. ","Nothing","0","0","0","1","1","0",NULL,"1","0","0","0","0","0","0",NULL
"214","1","1","1","No",,"Make the words flow so its easier to remember","Not confident","Using words as passwords isn't a good idea","Not confident","I don't put effort into memorizing passwords","I dont care","0","0","0","0","0","1",NULL,"0","0","0","0","0","0","0","I didn't remember it"
"216","1","1","1","No","It's a decently secure password that I can remember for frequently used accounts","I would add numbers and capital letters","Moderately confident","I think they're probably pretty secure, though I think that maybe them being actual words makes them a little less secure","Confident","I am pretty confident I can remember them if I structure them right, but not 100% confident because I think I would mix up the words for different passwords if I used five-word passwords for multiple things","I would add different symbols in between words, as well as numbers and capital letters to make them extra secure","1","0","0","1","1","0",NULL,"1","0","0","0","0","0","0",NULL
"218","1","1","1","No",,"I don't think there's anything I would change.","Moderately confident","I am confident about them but I don't think they are as secure as passwords with different characters.","Slightly confident","They are just seemingly random words strung together so I think it'd be easy to forget.","I would change it to be something shorter and easier to remember.","0","0","0","0","0","1",NULL,"0","0","0","0","0","0","1",NULL
"219","1","1","1","No",,"None. I am not really interested in using my five-word password or any five-word passwords in general.","Not confident","Since five-word passwords do not contain any numbers or special characters, I feel that they are more susceptible to brute force attacks.","Not confident","There's no way I can reliably memorize multiple unique five-word passwords.","None.","0","0","0","0","0","1",NULL,"0","0","0","0","0","0","1",NULL
"221","1","1","1","No","If you add a few numbers and special characters it should be plenty secure.","The length. I'd prefer 13+ characters.","Confident","Using uppercase, lowercase, numbers and symbols above 13 characters should be safe for most online activities.","Not confident","No. I'm not confident about remembering that many large passwords without some digital way to store them.","Have a minimum amount of characters that will do the job.","1","1","0","1","0","0",NULL,"0","0","1","0","0","0","0",NULL
"222","1","1","1","No",,"I wouldn't change anything because I remembered this one pretty easily. Also if I altered it in some way I'd probably mix part of it up with what it was originally and have a harder time remembering it.","Moderately confident","I've always heard that you shouldn't use words as your password because they can be hacked/figured out more easily. However there are tons of words so I would think it would be tough to come up with the correct combination of five random words so your accounts would probably be pretty well protected.","Slightly confident","It was pretty easy to remember one but I think it would be much harder to remember multiple ones. I think I would be at risk of combining them and mixing a word or two from a different password.","The only thing I'd maybe want to change is if it's possible to get rid of the period in the password because sometimes I just want to type the words and almost forget to put the dot between them.","0","0","0","0","0","1",NULL,"1","0","0","0","0","0","0",NULL
"225","1","1","1","Yes","Easy memory","I didn't change it.","Confident","I am very confident. The five -character password has its own characteristics, and the combination is ever -changing.","Slightly confident","It is easy to remember between a few different five -character passwords.","Never modified.","0","0","0","0","1","0",NULL,"0","1","0","0","0","0","0",NULL
"226","1","1","1","No","I find that this password closely aligns to what I use social media for so I would be more likely to remember this password.","I would like to potentially a couple of uppercase letters and possibly a number or two in there.","Slightly confident","I prefer my passwords to contain a whole mix of characters. Things such as numbers, questions marks etc make me feel a lot more confident about my password.","Very confident","I always store my passwords digitally so I won't have any trouble remembering them.","I would simply like to add capital letters in my five-word passwords.","0","0","0","0","1","0",NULL,"0","0","1","0","0","0","0",NULL
"227","1","1","1","Yes","It's very hard to crack, but easy to remember","Nothing","Very confident","like i said earlier, they are very hard to crack","Confident","I strongly feel it won't be hard to remember","Nothing","1","0","0","0","1","0",NULL,"1","0","0","0","0","0","0",NULL
"228","1","1","1","Yes","It is secure and has many letters","put a extra letter","Confident","it has many dots after words and it is harder to hack","Moderately confident","I forget more no a days","none so far","0","0","0","0","1","0",NULL,"0","0","0","0","0","0","1",NULL
